receiver_player_id,receiver_player_name,targets,Receptions,AirYards,ReceivingYards,completeAirYards,Touchdowns,expReceptions,expCompAirYards,PPR_points
00-0032765,M.Thomas,89,73,691,875,565,4,57.78380158805539,395.200313059806,184.5
00-0031408,M.Evans,79,50,1227,842,703,7,43.719450587970776,552.9719676133683,176.2
00-0032211,T.Lockett,72,59,770,767,550,6,43.96217761008813,361.55214728973016,171.7
00-0033908,C.Kupp,86,58,640,792,388,5,55.82572549120078,369.88305385498,167.2
00-0033921,C.Godwin,69,54,726,766,483,6,42.418164456823376,367.1335331650081,166.60000000000002
00-0027150,J.Edelman,88,63,726,663,433,5,57.34691139369924,398.4988191586796,159.3
00-0030564,D.Hopkins,91,68,862,665,446,4,58.02927187752124,449.560749251227,158.5
00-0031544,A.Cooper,56,42,739,701,501,6,32.727601739538606,357.1390136335687,148.10000000000002
00-0027944,J.Jones,71,50,900,712,540,4,41.58292245792766,443.57990995226,145.2
00-0032392,A.Hooper,60,52,397,591,338,5,40.50524470607248,233.27167987100296,141.1
00-0033932,K.Golladay,59,35,914,640,468,7,32.238937062655616,409.7436435966311,141
00-0033699,A.Ekeler,60,55,38,530,21,5,44.6760418946482,-17.998035735025677,138
00-0030279,K.Allen,81,54,969,657,503,3,47.52160004471193,485.4023544197087,137.7
00-0034348,C.Sutton,68,44,777,692,467,4,40.16418566975879,396.8885292951418,137.2
00-0031588,S.Diggs,50,38,771,706,479,4,28.066154486180416,323.8257041236638,132.60000000000002
00-0029293,M.Jones,54,42,653,535,464,6,31.769210424145975,322.5160651301005,131.5
00-0030506,T.Kelce,74,49,698,689,441,2,46.338076699866036,369.6608288513245,129.9
00-0031610,D.Waller,59,48,386,548,257,3,39.209974358644665,213.15206380262504,120.80000000000001
00-0031428,A.Robinson,68,47,751,532,429,3,41.72199934454255,365.7108917310395,118.2
00-0035640,DK.Metcalf,54,29,720,525,381,6,30.334162895122475,337.1287532263806,117.5
00-0027685,E.Sanders,55,41,556,504,348,4,33.85320871482586,291.43647423658075,115.4
00-0031051,J.Brown,58,42,825,603,496,2,32.116443470865626,387.1141052648627,114.30000000000001
00-0034777,D.Chark,43,30,610,528,385,5,23.998906789679722,271.8132907710243,112.80000000000001
00-0033288,G.Kittle,56,46,364,541,260,2,36.994433741196815,210.02554783742178,112.1
00-0035659,T.McLaurin,51,32,688,497,390,5,29.980902462315353,327.6026095646853,111.7
00-0030061,Z.Ertz,74,46,652,527,384,2,46.60798223107343,376.008397900521,110.7
00-0033009,T.Boyd,79,51,551,536,300,1,50.02738404903208,285.5291787890866,110.6
00-0033881,E.Engram,67,44,404,467,215,3,45.00283201547031,227.32572218885826,108.7
00-0034827,D.Moore,67,45,698,564,366,1,40.25070033469319,339.47031922565293,107.4
00-0034753,M.Andrews,55,38,508,470,324,3,35.321863355728574,280.95708444402976,103
00-0022921,L.Fitzgerald,62,42,514,485,307,2,40.27586717877553,240.1250317158943,102.5
00-0030035,A.Thielen,41,27,494,395,277,6,23.575036206035996,236.15921035301764,102.5
00-0031235,O.Beckham,64,39,663,575,348,1,38.203692851720774,305.2050924604042,102.5
00-0034837,C.Ridley,51,33,676,443,370,4,29.284007741091635,325.3980104525956,101.30000000000001
00-0031325,S.Watkins,56,35,479,473,241,3,35.29802114711709,241.31148312468954,100.30000000000001
00-0029632,M.Sanu,58,45,399,417,246,2,38.59667433585863,226.2699745688265,98.7
00-0029608,T.Hilton,45,32,428,360,225,5,27.817884286188782,199.08779751398157,98
00-0031382,J.Landry,62,36,601,555,323,1,37.42336581939663,294.17442404971143,97.5
00-0033127,W.Fuller,48,34,657,450,274,3,28.441966307175036,257.1884917303566,97
00-0033857,J.Smith-Schuster,48,33,520,459,273,3,29.288204763492242,240.8373257273644,96.9
00-0033280,C.McCaffrey,52,42,54,363,18,3,38.51624735687964,21.486515605403632,96.30000000000001
00-0035350,P.Williams,58,32,771,428,344,3,32.54016379348861,353.8785270512997,92.80000000000001
00-0031547,D.Parker,50,28,744,400,319,4,28.165725407076028,333.92738186300204,92
00-0031062,J.White,54,44,134,404,86,1,38.9329073641288,57.14267505098083,90.4
00-0031941,J.Crowder,55,43,348,405,218,1,36.74175807833586,193.0713762777515,89.5
00-0033282,C.Samuel,59,30,922,407,307,3,31.79810299184076,386.4273615171233,88.7
00-0032160,T.Williams,33,23,524,355,272,5,18.162057134198143,234.19175646476634,88.5
00-0033293,A.Jones,46,35,103,354,40,3,33.726913329255545,28.95896956124824,88.4
00-0029137,A.Jeffery,54,34,492,353,256,3,33.45394947506612,251.7061407568214,87.30000000000001
00-0035676,A.Brown,39,26,430,429,266,3,23.32088248723867,225.6969956963401,86.9
00-0029000,C.Beasley,52,35,367,337,180,3,34.458697622135745,211.71640115269793,86.7
00-0034764,M.Gallup,44,29,500,454,291,2,26.398753727665486,254.74952866643054,86.4
00-0030431,R.Woods,58,38,450,471,221,0,37.23303097179583,241.55412805050025,85.1
00-0033040,T.Hill,34,22,547,386,304,4,18.5208454797098,232.01713061480947,84.6
00-0029738,D.Fells,31,24,173,245,131,6,20.338763322225994,100.89410578782092,84.5
00-0033536,M.Williams,50,29,748,530,393,0,27.600860134935367,343.5540965630324,82
00-0035140,M.Hardman,32,20,341,374,159,4,19.321834139780496,135.84212038265275,81.4
00-0032128,C.Conley,46,23,668,461,289,2,25.833748725155875,320.2482834941751,81.1
00-0031285,D.Freeman,40,35,29,272,20,3,30.347954280057337,13.66898095115272,80.2
00-0033090,H.Henry,38,29,405,388,290,2,22.715030079639973,224.3588867751995,79.80000000000001
00-0032187,D.Johnson,40,30,131,315,116,3,27.602113851146136,59.97656473596773,79.5
00-0035662,M.Brown,43,24,549,374,204,3,25.82849576397163,230.02179546160406,79.4
00-0031549,N.Agholor,53,32,640,282,171,3,31.746107601000244,256.2014641664275,78.2
00-0022127,J.Witten,40,34,289,321,217,2,25.99397077548383,161.70043556640988,78.1
00-0033871,C.Davis,45,28,506,374,224,2,27.104198083072703,249.6136187698582,77.4
00-0032208,P.Dorsett,36,23,432,299,242,4,21.18245211488036,194.05890620634165,76.9
00-0033839,D.Westbrook,54,32,344,384,180,1,35.25233967559605,167.92605319247758,76.4
00-0034272,M.Valdes-Scantling,40,22,628,420,293,2,22.127851030249577,254.00227151155858,76
00-0033251,Z.Pascal,26,19,283,321,219,4,15.391650880965356,151.9280110816479,75.1
00-0026035,D.Amendola,44,31,402,376,230,1,27.74043214014925,213.9504411707167,74.6
00-0035216,D.Johnson,40,26,377,303,158,3,25.644543245067712,156.20823837556455,74.3
00-0031381,D.Adams,47,32,488,419,265,0,28.93044238775987,240.8323825263512,73.9
00-0032775,D.Robinson,40,23,578,323,264,3,22.438387596062,253.08531541736917,73.30000000000001
00-0031236,B.Cooks,44,27,617,402,290,1,25.349395076568708,279.5326863291443,73.2
00-0034159,W.Dissly,27,23,256,262,192,4,16.721466706713965,130.86456054462278,73.2
00-0025418,G.Olsen,44,27,415,331,234,2,27.02218195128062,228.89009794766346,72.1
00-0034686,A.Tate,53,27,547,391,317,1,31.45271245217996,282.63760446879945,72.1
00-0033948,J.Williams,28,25,-12,166,-13,5,21.43440813019774,-16.700600263289147,71.6
00-0030496,L.Bell,49,40,-5,242,-31,1,37.22498676608771,-23.48006021694572,70.2
00-0033856,L.Fournette,50,40,31,294,-1,0,36.528770451697426,9.236900545075242,69.4
00-0027696,J.Graham,37,25,280,251,145,3,23.50792301464336,143.59254946984285,68.1
00-0033895,G.Everett,42,26,354,297,145,2,26.336156861216818,167.80703776355352,67.7
00-0027891,G.Tate,39,29,290,322,181,1,26.019689315560846,159.47976688784274,67.2
00-0034775,C.Kirk,53,34,456,329,186,0,33.78660915223547,220.94871552835693,66.9
00-0033460,J.Ross III,32,16,377,328,173,3,18.868232302395782,181.75395819201097,66.80000000000001
00-0033893,D.Cook,40,33,-51,338,-38,0,32.4466650002268,-47.52328052527442,66.80000000000001
00-0033906,A.Kamara,38,33,28,276,-13,1,29.203506015230996,-9.425744166512349,66.6
00-0035644,N.Fant,36,23,285,300,138,2,23.44462905544772,143.368844399533,65
00-0030085,K.Stills,28,22,324,367,272,1,16.977576453897182,137.7978529746403,64.7
00-0033553,J.Conner,31,29,-41,236,-35,2,24.829528773874895,-40.04082854300468,64.6
00-0032009,A.Humphries,41,32,272,318,206,0,26.912179524043488,157.63475151587397,63.8
00-0035229,T.Hockenson,38,22,299,296,141,2,24.26346027071581,160.3867660116693,63.6
00-0031257,P.Richardson,38,27,335,239,189,2,23.821236535226834,188.66260134506328,62.900000000000006
00-0035535,D.Slayton,30,17,480,273,231,3,16.1616658397386,207.42505314580038,62.3
00-0032688,Ro.Anderson,44,23,625,330,238,1,24.696610718100796,272.8794183629854,62
00-0034983,H.Renfrow,37,24,232,257,114,2,24.692776874804817,137.10741531803654,61.7
00-0034351,D.Goedert,30,21,166,221,77,3,20.378797664022077,82.09116975057736,61.1
00-0031387,E.Ebron,30,18,278,248,135,3,19.05994285101669,149.07784667852607,60.8
00-0032543,A.Erickson,36,25,290,343,183,0,22.035237048651485,147.68883504860565,59.300000000000004
00-0033556,T.Cohen,50,34,148,193,9,1,36.25004462627991,54.694228992778115,59.3
00-0030181,J.Doyle,33,24,185,232,99,2,22.83345153007361,111.72911240586706,59.2
00-0031228,T.Gabriel,25,17,307,238,184,3,14.886933178004817,138.65900520708075,58.8
00-0035243,M.Sanders,26,22,93,305,57,1,18.896083671940143,28.96294509681573,58.5
00-0028002,R.Cobb,35,25,275,274,156,1,22.77916200129129,144.21469839575767,58.400000000000006
00-0032385,S.Shepard,32,25,313,267,144,1,20.324284704008164,153.84180220004023,57.7
00-0030470,V.McDonald,28,22,122,176,62,3,19.862963800467902,70.0432350822504,57.6
00-0032257,D.Johnson,31,22,103,228,52,2,22.22416774953863,52.51303783448917,56.8
00-0034364,J.Akins,28,20,118,248,94,2,19.17814888575833,70.52018938299365,56.8
00-0034844,S.Barkley,39,28,53,228,2,1,29.146345616739417,22.130188718496644,56.8
00-0025396,T.Ginn,32,20,451,296,271,1,17.733306881244182,200.13391426634487,55.6
00-0029664,J.Gordon,36,20,358,287,164,1,22.451846228032146,177.77764788807022,54.7
00-0030404,C.Thompson,37,27,61,276,34,0,27.629550851912978,32.95546628866894,54.6
00-0024389,De.Walker,30,21,234,215,158,2,19.48984902508254,138.03278933141152,54.5
00-0033594,C.Carson,29,24,-27,177,-39,2,22.487315837425804,-35.804795788099035,53.7
00-0030108,R.Griffin,24,19,136,162,73,3,16.142927561366783,75.9536894136422,53.2
00-0030663,W.Snead,24,17,235,238,147,2,15.096207713543603,126.82029723608822,52.8
00-0032626,G.Allison,34,20,297,205,131,2,21.511856600245363,153.66499612513095,52.5
00-0035719,D.Samuel,31,22,215,227,80,1,20.941587695316166,98.5502555483918,50.7
00-0033858,J.Smith,23,18,130,257,102,1,15.650897397868867,73.04198435771536,49.7
00-0027981,K.Rudolph,25,20,122,170,49,2,17.650996402518658,63.36451529316279,49
00-0034339,T.Quinn,40,24,289,189,134,1,27.001390281646525,162.02861130399523,48.900000000000006
00-0033118,K.Drake,36,26,7,226,-6,0,27.392523159800753,-5.3514564511916065,48.6
00-0030549,T.Eifert,32,23,204,192,138,1,20.527439547121045,117.92357275141646,48.2
00-0033897,J.Mixon,25,19,-29,110,-25,3,18.51592814972861,-27.799465864788857,48
00-0030300,J.Brown,23,14,236,205,147,2,14.177226899966774,127.45450825584881,46.5
00-0033658,B.Jarwin,16,12,139,162,98,3,10.017998229159167,72.52901635789371,46.2
00-0034829,M.Gesicki,30,21,298,248,179,0,18.421723740779846,151.10681796221277,45.8
00-0034981,F.Moreau,17,14,88,134,69,3,11.758038599597505,52.391008299798216,45.4
00-0034838,R.Freeman,34,27,20,181,8,0,25.661359888852385,6.761951854853479,45.1
00-0035006,O.Johnson,21,16,194,165,127,2,13.202733310858202,111.91616209031524,44.5
00-0030513,L.Murray,27,23,-30,153,-31,1,21.483670936511142,-31.814784040975947,44.3
00-0027061,J.Cook,26,15,200,168,115,2,16.441957615390557,120.87245435513515,43.8
00-0035287,K.Johnson,35,19,284,173,130,1,21.20047365566987,153.1279288088924,42.3
00-0027874,D.Thomas,29,19,296,232,146,0,16.98229533724517,142.84659188859996,42.2
00-0031273,C.Brate,21,15,160,151,105,2,13.409956547009395,100.61750096101561,42.1
00-0034367,N.Hines,29,23,38,188,7,0,21.658498495399726,17.56396429386754,41.8
00-0033045,E.Elliott,30,24,44,176,31,0,22.48335258858092,21.245975727007902,41.6
00-0034331,J.Samuels,28,26,-14,156,-16,0,21.960074870385462,-16.354071060174796,41.6
00-0032778,T.Sharpe,19,12,316,174,165,2,10.173943116283283,138.21918547307556,41.400000000000006
00-0031951,J.O'Shaughnessy,20,14,118,153,69,2,13.51033239549889,64.83063430828422,41.3
00-0034791,N.Chubb,32,25,-39,161,-28,0,25.567496566178626,-38.94165744480386,41.1
00-0033110,T.Higbee,23,18,130,170,68,1,15.653857063243903,76.09119036726486,41
00-0034109,P.Lindsay,32,25,-26,160,-17,0,25.30166675589364,-25.84279766852702,41
00-0034521,A.Lazard,18,15,224,193,134,1,10.633574024941547,98.5998861303185,40.3
00-0031598,N.Boyle,23,17,102,172,64,1,15.956449364635525,63.59513433447468,40.2
00-0034970,I.Smith,23,19,152,207,128,0,15.566464384583332,76.02084450812836,39.7
00-0032764,D.Henry,16,11,-40,164,-28,2,13.156697913550115,-35.121705072536194,39.400000000000006
00-0035689,D.Knox,26,14,219,192,121,1,16.80564061907295,119.0025016005822,39.2
00-0030670,B.Fowler,31,21,310,177,149,0,19.37882946943798,161.73422599238788,38.7
00-0034830,H.Hurst,20,16,155,156,91,1,12.770694752338457,87.90031298075309,37.6
00-0031344,C.Latimer,25,14,328,173,142,1,14.009733010030171,156.11929239838742,37.3
00-0034353,A.Miller,27,16,296,211,135,0,16.469473957076463,134.9209107875395,37.1
00-0030216,J.Hill,21,15,124,160,57,1,14.13470876912826,70.38602825465887,37
00-0034676,J.Washington,28,14,437,230,175,0,15.150731451604837,187.26592446685456,37
00-0026189,D.Jackson,10,9,147,159,144,2,5.927565772997597,57.316257715836045,36.9
00-0027029,L.McCoy,22,20,-21,106,-52,1,17.586784039611626,-31.115265020211943,36.6
00-0032355,C.Rogers,21,12,155,125,77,2,13.855240728199483,83.23196553616602,36.5
00-0033611,R.Seals-Jones,14,9,153,155,84,2,7.833459782406024,73.7581026399412,36.5
00-0033357,T.Hill,11,8,66,97,47,3,7.422884391902345,38.49272432788312,35.7
00-0034777,D.Chark Jr.,26,13,215,164,76,1,16.177914598791094,103.64802366100874,35.400000000000006
00-0030068,M.Goodwin,16,11,228,181,148,1,8.879831070985881,111.3513664886548,35.1
00-0030874,Dam.Williams,20,17,37,118,-14,1,14.706665698061189,6.199473598426821,34.8
00-0031868,D.Byrd,26,17,280,178,114,0,16.4874438311787,120.60523808330485,34.8
00-0035703,M.Boykin,14,9,198,131,116,2,7.990248476820266,91.28715059731906,34.1
00-0034860,D.Pettis,18,11,129,109,86,2,11.497198621714022,72.90325892261289,33.9
00-0029587,R.Ellison,24,15,123,125,73,1,16.343554127473052,65.47224372062718,33.5
00-0033307,K.Bourne,16,11,155,158,107,1,10.025509858692324,89.68728017976282,32.8
00-0033854,D.Ogunbowale,24,18,59,145,42,0,17.62948481737643,40.311626907821015,32.5
00-0035639,P.Campbell,19,15,142,115,24,1,13.082379741077903,51.45112823701322,32.5
00-0033681,K.Cole,10,9,87,113,80,2,6.254459057830496,41.43947333893679,32.3
00-0035685,D.Montgomery,24,18,69,133,30,0,17.61964356537532,18.94213176599667,31.3
00-0034960,J.Meyers,17,14,148,172,126,0,10.923280032632979,79.26009089840447,31.2
00-0033094,M.Hall,8,5,202,201,167,1,3.871030018011342,62.91824425958586,31.1
00-0030821,A.Hurns,15,11,187,138,103,1,9.117312304639395,88.26932507692449,30.8
00-0034297,B.Pringle,13,10,137,147,98,1,7.889461851217706,65.37162314165805,30.700000000000003
00-0030456,G.Bernard,22,18,-12,126,-15,0,16.85497194400227,-14.375312463784871,30.6
00-0033879,O.Howard,17,13,150,176,94,0,10.765232048193077,74.57933015000953,30.6
00-0032602,J.McKissic,17,13,29,115,22,1,11.994813776097818,13.920243099091083,30.5
00-0033308,M.Breida,15,14,4,103,1,1,11.7039936265617,-1.531200441653913,30.3
00-0030288,R.Burkhead,21,16,66,142,44,0,15.17619522068269,32.42912859576558,30.200000000000003
00-0033589,D.Moore,21,10,275,139,73,1,11.916518837614507,125.09793343779526,29.9
00-0028087,D.Lewis,24,20,-2,96,-14,0,18.806263301641806,-7.07977982034432,29.6
00-0032241,T.Gurley,24,15,29,81,12,1,17.75572706811054,14.145761742465362,29.1
00-0029572,J.Wright,28,14,252,150,92,0,17.43081211733198,129.65473112118366,29
00-0033387,J.Hollister,14,9,91,75,53,2,8.930581856783036,51.52061051401515,28.5
00-0034681,C.Edmonds,17,12,12,105,-10,1,12.692407314624862,4.101711812729478,28.5
00-0028112,C.Clay,15,12,113,164,106,0,9.616157082970057,51.70059712529359,28.400000000000002
00-0031558,M.Williams,11,10,87,124,65,1,7.219509701094142,52.26215948958264,28.4
00-0033466,I.McKenzie,11,10,22,124,1,1,8.597977198203923,-0.7665623936640686,28.4
00-0034366,K.Coutee,20,13,138,154,69,0,13.3609885029844,75.73683627063883,28.4
00-0024221,V.Davis,17,10,83,123,33,1,12.12727228421037,55.246397637440054,28.3
00-0035250,D.Singletary,16,12,3,103,-24,1,11.978165015704633,-16.26038322982259,28.3
00-0031787,J.Kumerow,14,8,226,140,113,1,7.402827082658352,93.48525175922501,28
00-0033528,J.Sprinkle,19,14,97,140,71,0,13.29723700695578,61.121300299991674,28
00-0034349,K.Johnson,14,9,75,126,17,1,9.231445194435528,37.690648509533744,27.6
00-0032144,M.Gordon,18,14,-11,66,-9,1,14.131094651807405,-13.475102193957692,26.6
00-0027966,M.Ingram,15,14,12,125,6,0,10.890778344147,0.03671563309918169,26.5
00-0030155,D.Harris,13,8,79,64,29,2,8.963332072264334,43.77076375205504,26.4
00-0029239,B.Bolden,10,9,57,111,52,1,6.867432895898958,23.834736997793065,26.1
00-0033025,J.Richard,17,14,48,120,48,0,11.891881036784694,25.123551275069072,26
00-0033950,W.Gallman Jr,13,10,24,99,-5,1,9.589874520635831,9.134140142372885,25.9
00-0032791,J.Grant,25,14,294,117,53,0,15.498485158189178,111.85677951652463,25.700000000000003
00-0034301,D.Williams,14,11,29,147,-6,0,10.256595623486358,3.41192606064121,25.700000000000003
00-0034679,M.Walton,20,15,-3,89,-3,0,15.706929891451374,-7.0256524859105,23.9
00-0033891,Z.Jones,21,12,234,117,77,0,12.221387770017152,99.36309574751782,23.700000000000003
00-0032058,T.Coleman,12,10,-17,74,-19,1,9.419057667547902,-16.282434913653013,23.4
00-0034439,R.Izzo,9,6,78,114,64,1,5.592208842463389,46.23859454596128,23.4
00-0024243,M.Lewis,13,10,96,130,66,0,8.619669861934709,46.43425620635893,23
00-0032780,J.Howard,14,10,1,69,0,1,10.643361580090211,-1.7727629163083258,22.9
00-0033555,M.Hollins,20,10,261,125,92,0,11.631293747157216,130.0855830080479,22.5
00-0030710,T.Burton,21,14,96,84,48,0,14.337187300528164,56.267830678450736,22.4
00-0031934,D.Smith,9,5,129,113,81,1,5.27307192215995,59.555276185256815,22.3
00-0030669,A.Wilson,16,10,59,58,17,1,11.445053806066124,21.987979182647234,21.8
00-0033943,J.Reynolds,18,5,248,107,90,1,10.189856634245444,113.44452613782393,21.700000000000003
00-0034370,D.Hamilton,23,11,152,106,49,0,15.21021065497112,85.10755822490235,21.6
00-0031166,S.Roberts,16,10,152,115,81,0,9.882275868988039,80.76166850948756,21.5
00-0028411,D.Inman,13,8,197,132,101,0,7.263412032351681,94.84394163871465,21.200000000000003
00-0034411,R.Gage,17,11,180,102,89,0,10.425358186314286,102.59070869633084,21.200000000000003
00-0035700,J.Jacobs,15,11,-11,102,-5,0,11.711429272182247,-12.063476820617266,21.200000000000003
00-0035268,R.Armstead,9,7,22,79,26,1,6.15247787667577,14.542407112110045,20.9
00-0034816,R.Jones,11,8,15,124,9,0,8.011990136638879,9.902602546624061,20.4
00-0033111,P.Cooper,12,11,47,93,45,0,8.680679242617188,23.441183928509837,20.3
00-0032134,C.Uzomah,13,9,47,112,30,0,9.248246334341166,24.89598845793914,20.200000000000003
00-0032209,T.Yeldon,11,10,21,100,18,0,8.418534385440585,6.809858823378737,20
00-0034253,D.Hilliard,13,11,-4,88,-14,0,10.093132613246558,-7.061424272827974,19.8
00-0034378,I.Smith,14,11,24,87,15,0,10.265358435613438,16.471294417819795,19.700000000000003
00-0032141,G.Swaim,17,13,55,65,19,0,11.282876916324017,33.7372519253968,19.5
00-0031570,J.Hardy,14,10,117,94,48,0,8.867130513223017,59.414138902851704,19.4
00-0032423,T.Davis,9,8,83,111,46,0,5.9056105806697525,34.251763611859815,19.1
00-0032918,C.Ham,14,8,28,51,12,1,10.153256014752095,18.41772707354478,19.1
00-0032940,D.Washington,11,10,21,90,21,0,7.7654252096313225,14.391340307413657,19
00-0034426,J.Wims,10,6,103,70,61,1,6.231089657970344,52.745850641768314,19
00-0032054,B.Perriman,23,7,257,58,51,1,13.490238593312345,114.518973077845,18.8
00-0034867,M.Turner,9,7,111,118,70,0,5.522087472970822,55.629042307743866,18.8
00-0035527,A.Isabella,3,3,18,96,18,1,1.9236199286601339,5.544314743256928,18.6
00-0034765,T.Smith,5,5,37,75,37,1,3.0930050567368763,20.569724928288977,18.5
00-0034273,D.Ratley,14,8,156,103,72,0,8.268784417334698,73.25393198335806,18.3
00-0032945,D.Williams,7,6,48,58,42,1,4.669837507099904,29.50275444179705,17.8
00-0033951,M.Mack,13,11,-6,68,-1,0,9.890596201073203,-5.764971973227369,17.8
00-0035537,T.Johnson,16,12,70,55,24,0,11.471057888033394,36.321773824085824,17.5
00-0035401,D.Willis,14,9,99,82,57,0,8.871733082734105,61.162983450454945,17.200000000000003
00-0030525,T.Austin,9,8,54,90,48,0,6.083758843656525,31.454370926092256,17
00-0034772,A.Callaway,13,8,106,89,45,0,7.996592432710549,60.16578794863463,16.9
00-0031687,R.Mostert,6,4,-4,68,-5,1,4.4276129127064845,-4.52851369493881,16.8
00-0032394,N.Vannett,12,8,104,86,68,0,7.815334354062744,64.83724865754158,16.6
00-0033896,A.Shaheen,13,9,49,74,36,0,9.078310067229681,33.82723624944043,16.4
00-0030089,L.Willson,10,8,72,79,41,0,6.259299001620326,38.65823289917523,15.9
00-0032227,J.Heuerman,10,8,61,78,48,0,6.606363765312114,34.91270313094515,15.8
00-0027793,A.Brown,8,4,92,56,49,1,4.772117218812693,51.64549885174597,15.600000000000001
00-0032393,C.Prosise,11,9,54,66,13,0,7.411882213561165,21.49895574417231,15.600000000000001
00-0035297,K.Harmon,9,8,75,75,56,0,5.653501637994502,42.41356906452863,15.5
00-0032794,D.Vitale,7,6,37,94,38,0,4.8282451786521445,20.83682695841702,15.4
00-0022943,B.Watson,11,8,84,72,45,0,7.350009760398996,41.64974167641479,15.2
00-0025394,A.Peterson,9,8,-13,71,-14,0,7.058218408202596,-12.987855759719176,15.100000000000001
00-0029119,D.Carrier,11,7,110,77,39,0,6.769001595187101,56.158834113893654,14.7
00-0031260,L.Thomas,9,7,71,77,50,0,6.027137703440228,42.57382207801252,14.7
00-0033455,A.Firkser,8,5,86,95,55,0,4.88516690917638,50.15397248986056,14.5
00-0032135,J.James,14,8,72,64,27,0,9.742761115174316,38.32279316685019,14.4
00-0035120,K.Doss,8,6,89,79,52,0,4.884576863253322,47.8302843384715,13.9
00-0033885,D.Njoku,7,4,41,37,18,1,4.683795491377285,26.570124561801777,13.7
00-0029892,K.Juszczyk,8,6,59,76,38,0,5.079869639028618,29.087292333142134,13.600000000000001
00-0032112,J.Nelson,5,4,26,36,21,1,3.4598983377258516,10.865297271044323,13.6
00-0034928,S.Sims,9,9,-5,45,-5,0,7.179818483302617,-6.725570151180549,13.5
00-0034845,S.Michel,11,7,14,63,10,0,8.284074660600904,3.2970005041123622,13.3
00-0035628,D.Johnson,7,6,30,71,24,0,4.849210177128874,14.115456960083936,13.100000000000001
00-0028097,L.Smith,5,4,32,31,22,1,3.396041711631124,21.169663331303106,13.1
00-0031189,T.Jones,4,3,30,38,15,1,2.588317737187528,18.068352922642745,12.8
00-0033080,S.DeValve,9,6,53,68,47,0,5.6369721005740825,32.9362009377085,12.8
00-0032951,L.Treadwell,7,5,98,74,62,0,3.8969570958740425,46.722482140183644,12.4
00-0032104,A.Abdullah,5,3,0,30,1,1,3.9220622430768177,-0.8582404085941906,12
00-0032782,W.Smallwood,8,7,23,50,14,0,5.715262820732622,14.017631281353081,12
00-0034487,T.Sherfield,11,4,180,80,70,0,5.680420588512578,77.42318231764615,12
00-0030578,C.Patterson,11,8,47,39,8,0,7.884948959261068,24.304300423281,11.9
00-0023500,F.Gore,8,7,0,48,0,0,5.907809328609303,-1.0993713203267133,11.8
00-0033376,P.Ricard,4,4,-1,18,-1,1,2.916409366326913,-0.8157307734574958,11.8
00-0028142,V.Green,8,6,27,52,21,0,5.874052934553811,19.729859451155246,11.2
00-0034286,R.James,2,1,30,39,27,1,1.0686122596080396,11.953741889707686,10.9
00-0034286,R.James Jr.,6,4,54,69,40,0,3.63602061662946,32.28087791776274,10.9
00-0033562,R.Switzer,11,8,17,27,10,0,7.913452364736432,11.764249966028972,10.7
00-0033757,R.Tonyan,6,4,99,66,51,0,3.331898656862237,43.033113320941446,10.600000000000001
00-0032741,P.Barber,11,7,15,33,0,0,7.751515239597046,9.088590137094759,10.3
00-0033217,M.Alie-Cox,7,5,16,49,8,0,4.65927494692355,11.106887669314403,9.9
00-0034073,R.Dwelley,9,7,36,28,12,0,6.165991753062459,19.5021390974514,9.8
00-0034418,C.Wilson,7,5,96,46,35,0,3.899253410982749,42.65914983331826,9.600000000000001
00-0028042,L.Stocker,7,6,17,34,12,0,4.514358731915438,11.532279736960577,9.4
00-0033164,T.Pope,2,2,3,14,3,1,1.4914271020099248,1.7917848948615434,9.4
00-0032063,M.Davis,8,7,6,22,-5,0,5.925051087909966,1.053584906468921,9.2
00-0032200,T.Montgomery,8,6,-1,32,-7,0,6.1801421831029,-3.4942978771767725,9.2
00-0034406,D.Cain,14,4,147,52,45,0,8.347913638866064,81.39069678256213,9.2
00-0035013,J.Hilliman,4,3,-1,1,-8,1,3.211843217689271,-3.347215567113636,9.1
00-0029269,T.Benjamin,16,6,207,30,11,0,9.78533093351671,79.71736055743166,9
00-0034309,C.Beebe,2,2,4,70,4,0,1.3209437863490743,3.004948251770918,9
00-0034440,J.Jackson,9,7,-10,20,-14,0,7.3332251925501835,-11.806318727178905,9
00-0034747,M.Ateman,2,2,66,70,66,0,0.6836715668005151,22.30825544779319,9
00-0035261,T.Pollard,7,5,9,37,-3,0,5.454666622349165,0.6445849267129427,8.7
00-0031744,M.LaCosse,6,3,51,55,31,0,3.9608425212985474,32.91776461310421,8.5
00-0023564,D.Sproles,10,6,15,24,-1,0,7.162556019983308,9.566574835870618,8.4
00-0031763,D.Carter,5,3,48,53,24,0,3.2747628061761747,22.64963073950554,8.3
00-0031045,C.Hyde,9,6,-2,22,-14,0,6.770094008111185,-4.88247656735556,8.2
00-0031319,D.Spencer,7,5,52,31,1,0,4.760286440342615,18.291436182022537,8.1
00-0027985,L.Kendricks,6,3,72,50,43,0,3.5556641559566486,39.53154642633287,8
00-0034799,K.Ballage,11,4,6,40,-8,0,7.881018746970987,1.7285700015239687,8
00-0028581,P.DiMarco,5,4,24,39,9,0,3.4330381610536644,13.996574343771453,7.9
00-0032956,A.Janovich,4,4,10,39,10,0,2.6777342745653403,7.023877777993535,7.9
00-0032977,R.Higgins,6,3,61,48,39,0,3.6941639815908394,32.12919178476933,7.800000000000001
00-0032117,N.O'Leary,4,4,19,37,19,0,2.6595161111075205,12.78775725019971,7.7
00-0035664,D.Henderson,6,4,3,37,0,0,4.518622688149382,1.5668593360712921,7.7
00-0034631,V.Smith,8,4,91,35,29,0,4.720489671213723,46.865450409622646,7.5
00-0030097,D.Quessenberry,1,1,1,1,1,1,0.8097792160337446,0.8097792160337446,7.1
00-0034184,G.Edwards,4,4,2,29,2,0,2.9324352397266127,0.6586935677656274,6.9
00-0035298,S.Miller,13,3,274,39,38,0,6.15631318473313,112.01202162410925,6.9
00-0031953,G.Davis,3,3,36,38,36,0,1.8933774733100068,21.469041160918664,6.800000000000001
00-0035308,T.Sweeney,8,3,68,38,26,0,4.937263833874012,29.177823075876343,6.800000000000001
00-0034400,J.Wilkins,4,4,8,27,8,0,2.8616575975305816,6.095018051743287,6.7
00-0035631,D.Sample,5,4,36,27,11,0,3.1914223672102833,18.26394860466624,6.7
00-0033434,B.Wilson,9,3,108,35,32,0,5.170309184541349,54.7212324768563,6.5
00-0034750,R.Penny,4,3,36,34,21,0,2.5475907481309052,13.733716990371839,6.4
00-0034319,D.Yelder,2,2,17,43,17,0,1.3112385607858945,9.406579049735523,6.3
00-0035432,J.Moore,2,2,37,43,37,0,1.084684047740262,16.42448533611236,6.3
00-0026986,M.Crabtree,5,4,26,22,17,0,3.2808915028154355,17.208959118419937,6.2
00-0032055,D.Funchess,5,3,49,32,26,0,3.0654227021107308,27.034434296700802,6.2
00-0032897,D.Watt,4,3,8,32,4,0,2.7319553388516784,5.669866415637424,6.2
00-0034419,B.Berrios,7,3,37,30,9,0,4.623504985374913,20.178644979762808,6
00-0032795,C.Core,5,3,32,28,25,0,3.3448971941945347,21.041060893591954,5.800000000000001
00-0031339,D.Moncrief,14,4,183,18,15,0,7.958262772775543,77.39871882856428,5.8
00-0032540,T.Carson,4,4,4,18,4,0,2.873418154444323,1.3608842033684292,5.8
00-0029931,Z.Line,6,3,8,26,-7,0,4.602947900041763,4.501946619528887,5.6
00-0030147,R.Shepard,8,3,72,25,12,0,5.176658498819883,34.64934427260551,5.5
00-0028237,C.Hogan,5,3,45,24,17,0,3.16032947303,22.96794580717383,5.4
00-0031068,R.Grant,8,4,27,14,9,0,5.683114717781613,15.95733443474591,5.4
00-0035645,G.Olszewski,4,2,24,34,18,0,2.8066982538130607,10.770179848816499,5.4
00-0032214,T.Kroft,5,2,41,32,19,0,3.114042251012009,21.679282103048294,5.2
00-0034788,J.Graham,2,2,10,32,10,0,1.363296663496065,6.317350264587674,5.2
00-0032398,C.Moore,5,3,61,21,11,0,2.990882558882948,26.86836849214924,5.1
00-0034358,D.Guice,3,3,-1,20,-1,0,2.2196006907994086,-0.9598671278765412,5
00-0034975,J.Hill,8,3,37,19,-1,0,5.515167847435508,18.402310014145414,4.9
00-0031431,M.Lee,4,3,22,18,17,0,2.735080124754906,14.834586885653316,4.8
00-0033439,P.Brown,3,2,27,27,13,0,1.915972642351186,16.596596226192837,4.7
00-0034011,D.Arnold,4,2,49,25,23,0,2.2751245965893583,25.06846242443229,4.5
00-0032661,B.Braunecker,3,2,22,24,8,0,2.0046599870935777,13.476252561535503,4.4
00-0034433,N.Bawden,5,3,2,14,-1,0,3.432171888603092,0.918966983841325,4.4
00-0032986,J.Holtz,3,2,4,23,0,0,2.2823110518348724,2.63325792622735,4.300000000000001
00-0033705,A.Patton,4,2,49,22,12,0,2.2702548111274385,21.847295268637197,4.2
00-0033994,F.Brown,3,2,34,21,21,0,1.7250101566872476,18.606153666784493,4.1
00-0034972,A.Mattison,4,3,23,11,2,0,2.7982537533308425,9.928487690142623,4.1
00-0029319,J.Bellamy,3,2,23,20,10,0,1.979009104440601,13.555020346935667,4
00-0032062,B.Bell,7,3,44,10,7,0,4.537614389155493,17.7741103279857,4
00-0035215,D.Harris,3,3,-3,10,-3,0,2.3862489082305753,-3.2148010639401554,4
00-0031665,Z.Zenner,3,2,5,19,0,0,2.280811668321686,3.1075970167885427,3.9000000000000004
00-0032464,K.Raymond,2,2,14,19,14,0,1.3527899384028323,9.240976492559966,3.9000000000000004
00-0031972,D.Jennings,4,2,46,17,3,0,2.5698586287840097,16.152367207715358,3.7
00-0034393,T.Fumagalli,2,2,14,16,14,0,1.3013479999766502,8.983766800429056,3.6
00-0033567,B.Hill,2,2,3,14,3,0,1.5525684027232067,1.9464072198595288,3.4000000000000004
00-0034798,D.Smythe,3,1,48,24,24,0,1.6658113115366842,24.119272833531774,3.4000000000000004
00-0035246,J.Arcega-Whiteside,5,2,87,14,9,0,2.83154416795922,38.0387404532553,3.4000000000000004
00-0033367,C.Board,3,1,24,23,18,0,1.7653569189295941,13.710060966786598,3.3000000000000003
00-0035669,N.Scott,1,1,3,23,3,0,0.7041162133212243,2.112348639963673,3.3000000000000003
00-0028292,N.Bellore,1,1,0,20,0,0,0.5697067234063448,0,3
00-0030443,L.Toilolo,2,2,-3,10,-3,0,1.7300574798364972,-2.8713338391772663,3
00-0034578,R.Bonnafon,3,2,3,10,0,0,2.2488655348338353,1.066541888323127,3
00-0035249,J.Oliver,3,2,17,10,7,0,2.1172110580061085,11.60891304825074,3
00-0032813,E.Penny,3,2,-16,9,-13,0,2.7166502428419674,-14.527037602708242,2.9
00-0033471,I.Ford,3,2,6,9,3,0,2.2670377655480336,3.873969171824339,2.9
00-0035399,S.Morgan,3,2,6,9,1,0,1.9815406723582094,4.083009891320868,2.9
00-0033296,A.Armah,2,2,-1,6,-1,0,1.6243944771239769,-1.108589646528423,2.6
00-0028074,A.Sherman,2,1,7,15,-4,0,1.4970890904711243,3.6498948282530375,2.5
00-0032972,D.Booker,1,1,4,14,4,0,0.7512370629427295,3.004948251770918,2.4000000000000004
00-0035217,B.Snell,2,1,-5,14,-2,0,1.6555478890030804,-4.143010550591566,2.4000000000000004
00-0030741,R.Nix,3,2,2,4,-5,0,2.276208543650371,0.3302898601710029,2.4
00-0034386,J.Watson,1,1,13,13,13,0,0.6151642522397004,7.9971352791161054,2.3
00-0035025,H.Hentges,1,1,-4,13,-4,0,0.854539011128622,-3.418156044514488,2.3
00-0033696,S.Culkin,2,1,19,12,12,0,1.2637849209238787,11.99062920661035,2.2
00-0034613,T.Hudson,3,1,41,12,12,0,1.6459041216234842,21.644449078876494,2.2
00-0035148,D.Thompson,2,2,-2,2,-2,0,1.3933398398240189,-1.6186716043394518,2.2
00-0033132,K.Byard,1,1,3,11,3,0,0.7184135275691725,2.155240582707518,2.1
00-0033421,A.Auclair,3,1,2,11,3,0,2.40854725736728,0.7836939254825719,2.1
00-0033530,R.Davis,1,1,11,11,11,0,0.5768108266683718,6.34491909335209,2.1
00-0031806,M.Brown,2,1,9,10,6,0,1.4208256787146791,6.412605432324402,2
00-0034854,K.Hodge,1,1,7,10,7,0,0.7006972215693695,4.904880550985586,2
00-0034959,A.Beck,3,1,4,10,7,0,2.1166160318090688,1.9060695217666095,2
00-0033382,A.Carr,4,1,45,9,9,0,2.374897032527727,26.391678115680264,1.9
00-0031023,Q.Enunwa,3,1,35,8,0,0,1.551663533480954,16.233771482088983,1.8
00-0031511,D.White,1,1,5,8,5,0,0.7335332382663814,3.667666191331907,1.8
00-0028114,D.Harris,1,1,0,7,0,0,0.6354459760804754,0,1.7000000000000002
00-0027691,A.Roberts,2,1,51,6,5,0,1.0838603552113328,19.782713570799668,1.6
00-0031060,D.Thomas,2,1,-1,6,3,0,1.5872498529457428,-1.3201047187987633,1.6
00-0032450,D.Washington,1,1,-5,6,-5,0,0.8912526501683081,-4.45626325084154,1.6
00-0034383,D.Schultz,1,1,5,6,5,0,0.682091299840199,3.410456499200995,1.6
00-0034414,B.Scott,1,1,-6,5,-6,0,0.8988979961473847,-5.393387976884308,1.5
00-0035726,Jak.Johnson,2,1,7,5,4,0,1.3896140235898233,4.854339881038069,1.5
00-0030465,K.Barner,2,1,4,4,4,0,1.3352411005970226,2.7991804980661885,1.4
00-0031035,X.Grimble,3,1,9,3,1,0,2.260811403493021,6.768233781149398,1.3
00-0033789,T.Logan,1,1,1,2,1,0,0.8097792160337446,0.8097792160337446,1.2
00-0034115,J.Wilson,2,1,-2,2,2,0,1.643923577440383,-2.23382242793575,1.2
00-0031690,E.Tomlinson,1,1,0,1,0,0,0.584004037654293,0,1.1
00-0035181,D.Shepherd,1,1,-2,1,-2,0,0.8093358021697259,-1.6186716043394518,1.1
00-0035686,M.Deiter,1,1,0,0,0,0,0.6354459760804754,0,1
00-0035235,K.McGary,1,1,-3,-3,-3,0,0.831914772585406,-2.495744317756218,0.7
00-0027973,A.Dalton,1,1,-8,-4,-8,0,0.9402942621224055,-7.522354096979244,0.6
00-0028064,B.Powell,1,0,19,0,0,0,0.46417912608504053,8.81940339561577,0
00-0028118,T.Taylor,1,0,-4,0,0,0,0.854539011128622,-3.418156044514488,0
00-0029492,J.Olawale,1,0,37,0,0,0,0.28361561644461497,10.493777808450753,0
00-0030968,K.Smith,1,0,-4,0,0,0,0.854539011128622,-3.418156044514488,0
00-0031585,M.Pruitt,2,0,5,0,0,0,1.2517980232465438,3.410456499200995,0
00-0032139,B.Koyack,1,0,-1,0,0,0,0.8013313397804773,-0.8013313397804773,0
00-0032935,J.Holton,5,0,159,0,0,0,2.019236968817779,53.289089680237396,0
00-0033114,M.Thomas,1,0,14,0,0,0,0.5500078938145441,7.700110513403617,0
00-0033246,J.Mundt,1,0,0,0,0,0,0.584004037654293,0,0
00-0033258,D.Daniels,1,0,3,0,0,0,0.7698554659953549,2.309566397986065,0
00-0033911,T.Taylor,1,0,33,0,0,0,0.3109190727794149,10.260329401720691,0
00-0034052,B.Zylstra,1,0,16,0,0,0,0.5220884857773753,8.353415772438005,0
00-0034081,S.Mitchell,1,0,15,0,0,0,0.5218539944741334,7.827809917112001,0
00-0034365,I.Thomas,2,0,-1,0,0,0,1.567673079777288,-0.8603343267318896,0
00-0034510,R.Foster,5,0,173,0,0,0,1.885003784185869,58.74804157835912,0
00-0035039,S.Carlson,1,0,21,0,0,0,0.44857536934998754,9.42008275634974,0
00-0035406,L.Humphrey,1,0,15,0,0,0,0.5218539944741334,7.827809917112001,0
